<?xml version="1.0" encoding="UTF-8"?>
<beans xmlns="http://www.springframework.org/schema/beans"
       xmlns:xsi="http://www.w3.org/2001/XMLSchema-instance"
       xsi:schemaLocation="http://www.springframework.org/schema/beans 
	   					   http://www.springframework.org/schema/beans/spring-beans.xsd">


	<bean id="father" class="fr.kc.ioc.Father" scope="prototype">
		<property name="child" ref="child"></property>
	</bean>
	
	<bean id="child" class="fr.kc.ioc.Child">
		<property name="age" value="3"></property>
	</bean>

</beans>