<?xml version="1.0" encoding="UTF-8"?>
<beans xmlns="http://www.springframework.org/schema/beans"
       xmlns:xsi="http://www.w3.org/2001/XMLSchema-instance"
       xsi:schemaLocation="http://www.springframework.org/schema/beans 
	   					   http://www.springframework.org/schema/beans/spring-beans.xsd">


  <bean scope="singleton" id="ctrlFactory" class="fr.keyconsulting.formation.factory.GUIControllersFactory" 
  	factory-method="initInstance">  
  </bean>
  
  <bean scope="singleton" id="viewsFactory" class="fr.keyconsulting.formation.factory.FxViewsFactory" 
  	factory-method="initInstance">  
  </bean>
  
  <bean id="appCtrl" scope="prototype" class="fr.keyconsulting.formation.control.app.ViewApplicationCtrl" >  
  </bean>
  
 <bean name="calcul" scope="prototype" class="fr.keyconsulting.formation.control.calc.ViewCalculCtrl" >
 	<!-- <constructor-arg index="0" type="fr.keyconsulting.formation.control.app.IApplicationCtrl" 	ref="appCtrl"></constructor-arg> --> 	
 </bean>
 
  <bean id="timeManagerMBean" class="fr.keyconsulting.formation.control.time.TimeManagerMBean" />
  
  <bean id="exporter" class="org.springframework.jmx.export.MBeanExporter" lazy-init="false">
	<property name="beans">
	  <map>
		<entry key="beans:name=calc.TimeManager" value-ref="timeManagerMBean"/>
	  </map>
	</property>
 </bean>

</beans>